"Name","Color","Rarity","# Seen","ALSA","# Picked","ATA","# GP","GP WR","# OH","OH WR","# GD","GD WR","# GIH","GIH WR","# GNS","GNS WR","IWD"
"Forge Anew","W","R","18724","5.64","2304","8.71","212","","33","","61","","94","","118","",""
"Hew the Entwood","R","M","8464","5.06","1196","7.68","100","","13","","20","","33","","67","",""
"Sharkey, Tyrant of the Shire","UB","R","19413","5.64","2471","8.69","266","","41","","84","","125","","142","",""
"Tom Bombadil","WUBRG","M","8029","4.60","1108","6.88","102","","13","","39","","52","","49","",""
"Stone of Erech","","U","63077","7.78","6623","11.70","396","","52","","114","","166","","230","47.4%",""
"Lost Isle Calling","U","R","16262","5.04","2085","7.63","1231","40.3%","219","29.2%","287","40.4%","506","35.6%","720","43.8%","-8.2pp"
"Rising of the Day","R","U","57887","7.00","6045","10.90","2237","50.5%","373","48.5%","490","45.7%","863","46.9%","1369","52.7%","-5.8pp"
"Ent-Draught Basin","","U","60624","7.11","5861","10.88","2374","49.6%","385","40.8%","579","50.6%","964","46.7%","1406","51.8%","-5.1pp"
"Entish Restoration","G","U","49503","5.47","5555","8.00","10860","48.5%","1893","43.1%","2613","47.4%","4506","45.6%","6341","50.6%","-5.0pp"
"Shortcut to Mushrooms","G","U","48711","5.52","5048","8.27","9647","48.2%","1553","41.5%","2426","47.8%","3979","45.3%","5641","50.1%","-4.8pp"
"The Ring Goes South","G","R","17021","5.10","1900","8.28","569","","96","","143","","239","36.8%","329","41.3%","-4.5pp"
"Mithril Coat","","R","7005","2.27","1596","2.42","6339","48.7%","1003","44.3%","1610","47.4%","2613","46.2%","3707","50.5%","-4.3pp"
"Horn of the Mark","","R","8162","2.74","1817","3.05","6356","51.4%","1059","46.9%","1536","51.2%","2595","49.4%","3756","52.8%","-3.4pp"
"Fangorn, Tree Shepherd","G","R","12278","3.85","1643","5.40","3458","50.0%","460","49.1%","868","47.2%","1328","47.9%","2108","51.2%","-3.3pp"
"Dúnedain Blade","W","C","162667","7.48","19485","10.76","32387","55.2%","5176","53.6%","7784","52.9%","12960","53.2%","19427","56.4%","-3.2pp"
"Brandywine Farmer","G","C","164398","7.93","15799","11.67","16903","49.3%","2897","45.5%","4018","48.8%","6915","47.4%","9916","50.6%","-3.2pp"
"Fire of Orthanc","R","C","171482","8.65","20305","12.34","5085","52.7%","750","48.9%","1226","52.0%","1976","50.8%","3113","53.9%","-3.1pp"
"Gimli's Axe","R","C","169427","8.22","20002","11.85","10512","54.6%","1594","50.4%","2547","54.3%","4141","52.8%","6375","55.7%","-3.0pp"
"Display of Power","R","R","18632","5.42","2538","8.23","1891","49.3%","268","39.9%","523","51.6%","791","47.7%","1096","50.3%","-2.6pp"
"The Watcher in the Water","U","M","5116","3.26","961","4.00","1620","44.4%","269","38.7%","512","45.3%","781","43.0%","832","45.6%","-2.5pp"
"Now for Wrath, Now for Ruin!","W","C","163575","7.44","17490","11.03","20644","53.5%","2938","49.7%","5058","53.6%","7996","52.2%","12645","54.4%","-2.2pp"
"Gimli's Fury","R","C","167415","7.80","21844","11.19","23505","55.8%","3440","53.8%","5554","55.1%","8994","54.6%","14502","56.5%","-1.9pp"
"Sting, the Glinting Dagger","","R","8719","2.77","1484","3.21","5002","51.4%","857","49.0%","1242","51.2%","2099","50.3%","2893","52.1%","-1.7pp"
"Olog-hai Crusher","R","C","161617","7.07","21977","10.25","36264","55.8%","5764","54.5%","8797","55.1%","14561","54.9%","21742","56.4%","-1.6pp"
"Barrow-Blade","","U","56444","6.21","6172","9.44","8472","54.0%","1422","53.8%","2093","52.6%","3515","53.1%","4956","54.6%","-1.5pp"
"Shadow of the Enemy","B","M","5424","3.42","1001","4.44","2374","52.1%","362","43.9%","682","54.8%","1044","51.1%","1325","52.5%","-1.5pp"
"Nasty End","B","C","148368","5.84","24897","8.30","89436","55.7%","14663","52.7%","23460","56.3%","38123","55.0%","51288","56.3%","-1.4pp"
"Rush the Room","R","C","170914","8.43","20929","12.01","8774","54.0%","1292","53.5%","2098","53.1%","3390","53.2%","5383","54.5%","-1.3pp"
"Storm of Saruman","U","M","5368","3.38","1070","4.18","2664","46.1%","409","42.1%","833","46.9%","1242","45.3%","1394","46.6%","-1.2pp"
"Mordor Trebuchet","B","C","134633","5.25","19829","7.62","68794","54.2%","11823","52.2%","17251","54.5%","29074","53.6%","39689","54.7%","-1.1pp"
"Uglúk of the White Hand","BR","U","39398","4.26","6783","5.76","27114","56.0%","4486","55.3%","6681","55.5%","11167","55.4%","16008","56.4%","-1.0pp"
"Long List of the Ents","G","U","57098","6.86","6200","10.46","4243","48.5%","695","52.8%","1005","44.9%","1700","48.1%","2541","48.8%","-0.7pp"
"Fog on the Barrow-Downs","W","C","130979","5.16","15621","7.58","54479","53.0%","8976","49.7%","13579","54.6%","22555","52.6%","31836","53.3%","-0.6pp"
"Elven Chorus","G","R","8186","2.71","1874","3.09","7066","49.8%","1177","47.2%","1850","51.0%","3027","49.5%","4023","50.1%","-0.6pp"
"Mirror of Galadriel","","U","56879","6.36","5826","9.86","5761","48.9%","935","44.8%","1525","50.9%","2460","48.6%","3286","49.1%","-0.6pp"
"Battle-Scarred Goblin","R","C","146568","5.76","25575","8.02","108864","57.6%","19364","58.5%","26077","56.4%","45441","57.3%","63421","57.9%","-0.6pp"
"Last March of the Ents","G","M","5744","3.64","783","5.07","1061","48.2%","145","","297","52.2%","442","47.7%","615","48.3%","-0.6pp"
"Esquire of the King","W","C","157612","6.90","20931","9.84","54666","55.0%","9461","55.9%","13209","53.7%","22670","54.6%","31948","55.2%","-0.5pp"
"Shire Scarecrow","","C","170740","8.34","19253","11.93","12712","48.8%","2400","46.9%","3249","49.7%","5649","48.5%","7034","49.1%","-0.5pp"
"Mirkwood Bats","B","C","124079","4.70","20227","6.66","82810","54.6%","13632","51.9%","21437","55.7%","35069","54.2%","47707","54.8%","-0.5pp"
"The Grey Havens","","U","57982","6.41","5838","9.98","7699","50.6%","1380","46.0%","1914","53.3%","3294","50.3%","4373","50.8%","-0.5pp"
"Second Breakfast","W","C","166124","7.77","18256","11.38","16144","52.4%","2471","50.1%","3809","53.6%","6280","52.2%","9860","52.6%","-0.4pp"
"Goblin Fireleaper","R","U","41282","4.12","9835","5.41","49196","57.4%","8750","56.9%","11992","57.3%","20742","57.1%","28469","57.6%","-0.4pp"
"Grond, the Gatebreaker","B","U","41483","4.32","8147","5.71","29756","54.8%","4760","53.8%","7859","55.0%","12619","54.6%","17198","54.9%","-0.3pp"
"Barad-dûr","","R","8223","2.47","2778","2.78","14613","56.7%","2649","56.6%","3765","56.5%","6414","56.6%","8176","56.9%","-0.3pp"
"Tale of Tinúviel","W","U","45884","5.05","6102","7.16","15420","51.9%","2326","48.0%","4062","53.8%","6388","51.7%","9015","51.9%","-0.3pp"
"Took Reaper","W","C","149766","6.08","21253","8.62","76925","54.3%","13847","53.5%","19306","54.5%","33153","54.1%","43707","54.3%","-0.3pp"
"Isildur's Fateful Strike","B","R","7572","2.35","2569","2.54","11752","53.8%","1864","51.7%","3149","54.8%","5013","53.7%","6742","53.9%","-0.2pp"
"Nimble Hobbit","W","C","164136","7.60","19080","10.97","24969","52.4%","4397","50.9%","6250","53.2%","10647","52.3%","14316","52.5%","-0.2pp"
"Gorbag of Minas Morgul","B","U","39683","3.98","7284","5.45","33167","54.9%","6045","53.9%","8268","55.4%","14313","54.8%","18836","55.0%","-0.2pp"
"Haradrim Spearmaster","R","C","145670","5.77","24183","8.09","97361","57.4%","16800","57.0%","23440","57.5%","40240","57.3%","57127","57.4%","-0.1pp"
"East-Mark Cavalier","W","C","148833","6.08","21079","8.66","74943","55.2%","13371","55.4%","17895","54.8%","31266","55.1%","43638","55.2%","-0.1pp"
"Westfold Rider","W","C","140893","5.48","22378","7.61","96131","55.5%","17295","55.6%","23524","55.3%","40819","55.4%","55221","55.5%","-0.1pp"
"Erkenbrand, Lord of Westfold","R","U","35957","3.77","8940","4.60","40772","56.8%","6665","56.5%","9948","56.9%","16613","56.7%","24056","56.7%","0.0pp"
"Snarling Warg","B","C","157323","6.55","21074","9.63","43619","55.8%","7007","55.4%","11317","56.1%","18324","55.8%","25331","55.7%","0.1pp"
"Shagrat, Loot Bearer","BR","R","13463","4.10","2134","5.72","4170","56.0%","696","55.2%","971","56.7%","1667","56.1%","2520","55.9%","0.2pp"
"Fall of Cair Andros","R","R","10186","3.24","2334","3.85","7721","53.4%","1311","50.6%","2108","55.4%","3419","53.5%","4271","53.3%","0.2pp"
"Gimli, Mournful Avenger","RG","R","13270","4.14","1986","5.90","3947","49.3%","664","49.1%","957","49.5%","1621","49.4%","2321","49.1%","0.3pp"
"Rohirrim Lancer","R","C","140921","5.58","27603","7.50","125058","57.7%","22018","59.3%","31022","56.8%","53040","57.8%","71966","57.5%","0.3pp"
"Shower of Arrows","G","C","168369","8.42","14639","12.62","5299","47.3%","755","44.2%","1264","49.5%","2019","47.5%","3248","47.2%","0.4pp"
"Shire Terrace","","C","150514","5.69","21631","8.28","80180","52.9%","14711","52.4%","20527","53.7%","35238","53.1%","44817","52.8%","0.4pp"
"Mount Doom","","M","5379","3.23","1012","4.07","3071","56.9%","574","54.7%","776","58.9%","1350","57.1%","1713","56.7%","0.4pp"
"Lotho, Corrupt Shirriff","WB","R","13172","3.99","2578","5.26","7764","53.7%","1337","52.1%","1967","55.1%","3304","53.8%","4425","53.5%","0.4pp"
"Cirith Ungol Patrol","B","C","152476","6.08","25388","8.56","90015","56.8%","13914","54.7%","23918","58.4%","37832","57.0%","52316","56.6%","0.4pp"
"Escape from Orthanc","W","C","167323","7.85","22318","11.03","31843","55.3%","4813","53.9%","7708","56.6%","12521","55.5%","19311","55.1%","0.4pp"
"Oliphaunt","R","C","142132","5.40","25574","7.63","113924","56.8%","19590","55.8%","28967","58.0%","48557","57.1%","65287","56.6%","0.5pp"
"Eagles of the North","W","C","138837","5.30","22949","7.49","97172","55.1%","16990","53.6%","24589","56.6%","41579","55.4%","55440","54.8%","0.6pp"
"Bombadil's Song","G","C","161815","7.42","16141","10.94","26820","50.0%","4261","47.4%","6764","52.2%","11025","50.4%","15729","49.7%","0.6pp"
"Glamdring","","M","3072","2.05","1078","2.10","4642","52.4%","757","46.0%","1339","56.5%","2096","52.7%","2531","52.1%","0.6pp"
"Erebor Flamesmith","R","C","142167","5.79","26681","7.84","107028","55.9%","18982","55.7%","29225","56.6%","48207","56.2%","58528","55.6%","0.6pp"
"Glóin, Dwarf Emissary","R","R","8995","2.74","2840","3.07","13368","55.9%","2261","56.4%","3362","56.1%","5623","56.2%","7733","55.6%","0.7pp"
"Lost to Legend","W","U","49744","5.40","9146","7.11","31787","54.9%","5128","52.7%","8431","56.9%","13559","55.3%","18251","54.6%","0.7pp"
"Gimli, Counter of Kills","R","U","40471","4.21","6561","5.84","24946","55.3%","4068","54.3%","6128","56.6%","10196","55.7%","14766","54.9%","0.7pp"
"Slip On the Ring","W","C","161077","7.14","18630","10.47","27736","52.4%","4381","50.3%","7078","54.4%","11459","52.8%","16252","52.0%","0.8pp"
"You Cannot Pass!","W","U","54542","6.26","6447","9.38","9843","51.4%","1558","49.9%","2540","53.1%","4098","51.9%","5736","51.1%","0.8pp"
"Gandalf the White","W","M","2329","1.53","1260","1.52","5790","53.0%","943","51.4%","1532","54.3%","2475","53.2%","3257","52.4%","0.8pp"
"Relentless Rohirrim","R","C","143474","5.66","28918","7.53","124913","58.4%","20223","58.2%","32336","59.4%","52559","58.9%","72402","58.1%","0.8pp"
"Cast into the Fire","R","C","166913","7.76","21222","11.17","17086","53.7%","2844","50.8%","4544","56.3%","7388","54.2%","9684","53.3%","0.9pp"
"Gríma Wormtongue","B","U","34048","3.49","7987","4.42","37980","55.1%","6527","54.0%","10063","56.4%","16590","55.5%","21436","54.6%","0.9pp"
"Orcish Medicine","B","C","152906","6.21","20888","9.21","51655","55.9%","8408","53.8%","13275","58.1%","21683","56.4%","29970","55.5%","0.9pp"
"Mines of Moria","","R","15684","4.30","2544","6.18","9208","55.0%","1696","56.4%","2281","54.9%","3977","55.5%","5218","54.6%","0.9pp"
"Wizard's Rockets","","C","167845","7.64","24003","10.74","32484","52.6%","5902","53.0%","8725","53.1%","14627","53.1%","17835","52.1%","0.9pp"
"Legolas, Counter of Kills","UG","U","46577","5.30","5132","8.00","9793","47.0%","1598","45.5%","2701","48.5%","4299","47.4%","5427","46.3%","1.0pp"
"Swarming of Moria","R","C","139198","5.37","26291","7.39","111945","56.0%","19496","56.1%","29253","57.0%","48749","56.6%","63092","55.5%","1.1pp"
"Elven Farsight","G","C","157646","7.28","14384","10.92","21619","49.7%","3849","47.2%","5504","52.7%","9353","50.4%","12125","49.2%","1.2pp"
"Morgul-Knife Wound","B","C","151343","6.25","18898","9.31","43302","55.5%","7336","54.3%","11327","57.4%","18663","56.2%","24569","55.0%","1.2pp"
"Pippin's Bravery","G","C","168204","8.29","17395","11.94","16523","51.9%","2579","50.6%","3986","53.9%","6565","52.6%","9922","51.3%","1.3pp"
"Lothlórien Lookout","G","C","149780","6.57","15304","9.52","43166","50.6%","7855","52.7%","10406","50.2%","18261","51.3%","24717","50.0%","1.3pp"
"Mushroom Watchdogs","G","C","149252","6.44","16874","9.13","49525","52.1%","8860","53.3%","11811","52.5%","20671","52.8%","28658","51.5%","1.4pp"
"Glorfindel, Dauntless Rescuer","G","U","43291","4.70","5066","6.78","13782","49.5%","2343","48.1%","3567","51.8%","5910","50.3%","7774","48.9%","1.4pp"
"Hobbit's Sting","W","C","128344","5.00","20577","6.89","86946","54.7%","13881","53.5%","21919","56.8%","35800","55.5%","51090","54.1%","1.4pp"
"Improvised Club","R","C","133351","5.13","29636","6.78","144731","58.0%","23190","55.3%","37787","61.0%","60977","58.8%","83760","57.4%","1.4pp"
"Oath of the Grey Host","B","U","34858","3.58","9764","4.40","46026","56.3%","7688","55.9%","12132","57.9%","19820","57.1%","26181","55.7%","1.4pp"
"Treason of Isengard","U","C","152868","6.47","25513","8.86","77476","52.6%","12645","49.4%","24753","55.2%","37398","53.3%","40124","51.8%","1.5pp"
"Faramir, Field Commander","W","U","24563","2.63","7332","3.08","37339","53.6%","6313","52.4%","9910","55.6%","16223","54.3%","20949","52.8%","1.5pp"
"Galadhrim Bow","G","C","166732","8.03","15920","11.86","12899","51.4%","2049","50.2%","3109","53.7%","5158","52.3%","7722","50.8%","1.5pp"
"Moria Marauder","R","R","7714","2.49","3237","2.61","16671","57.4%","2912","61.0%","4239","56.5%","7151","58.3%","9548","56.7%","1.6pp"
"Captain of Umbar","U","C","164903","7.62","19409","11.11","22556","49.6%","3749","48.2%","6567","51.7%","10316","50.4%","12176","48.9%","1.6pp"
"Revive the Shire","G","C","167590","8.11","16741","11.89","15127","50.1%","2317","46.4%","3897","54.0%","6214","51.2%","8897","49.6%","1.6pp"
"Shire Shirriff","W","U","31922","3.30","8461","4.04","41354","55.4%","7200","54.7%","10424","57.4%","17624","56.3%","23705","54.7%","1.6pp"
"Easterling Vanguard","B","C","117679","4.22","29281","5.54","164445","58.2%","29418","59.2%","42335","59.1%","71753","59.1%","92609","57.5%","1.6pp"
"Peregrin Took","G","U","36950","3.96","5566","5.22","21457","51.7%","3767","51.6%","5318","53.3%","9085","52.6%","12272","50.9%","1.7pp"
"Lash of the Balrog","B","C","108549","3.95","26660","5.21","140537","56.8%","22781","54.4%","38005","59.7%","60786","57.7%","79829","56.0%","1.7pp"
"Warbeast of Gorgoroth","R","C","151887","6.15","23544","8.74","74579","57.8%","11562","57.4%","18917","59.6%","30479","58.8%","44167","57.1%","1.7pp"
"Bill Ferny, Bree Swindler","U","U","54263","5.97","7373","8.70","16553","50.5%","2876","49.8%","4786","52.4%","7662","51.5%","8856","49.7%","1.7pp"
"Soldier of the Grey Host","W","C","161994","7.16","17248","10.68","21393","52.3%","3405","52.2%","5304","54.2%","8709","53.4%","12657","51.5%","2.0pp"
"Lobelia Sackville-Baggins","B","R","7108","2.18","2718","2.34","13544","54.3%","2312","53.0%","3593","56.9%","5905","55.3%","7588","53.4%","2.0pp"
"Minas Tirith","","R","9699","2.90","2480","3.45","11527","55.0%","2004","55.3%","2894","56.6%","4898","56.1%","6613","54.1%","2.0pp"
"Troll of Khazad-dûm","B","C","122864","4.49","27345","6.09","144960","57.7%","25174","57.2%","38799","59.8%","63973","58.8%","80948","56.8%","2.0pp"
"One Ring to Rule Them All","B","R","7014","2.20","2634","2.29","11735","53.8%","1946","51.4%","3157","57.1%","5103","54.9%","6599","52.9%","2.0pp"
"Banish from Edoras","W","C","133247","5.16","18055","7.53","64577","53.5%","10224","51.0%","17519","56.8%","27743","54.7%","36894","52.7%","2.0pp"
"Friendly Rivalry","RG","U","53252","6.06","6847","8.73","13108","52.5%","2025","50.2%","3169","56.0%","5194","53.7%","7900","51.7%","2.0pp"
"Sam's Desperate Rescue","B","C","146843","5.77","29010","7.81","119535","58.0%","19135","55.9%","31918","61.2%","51053","59.2%","68432","57.1%","2.1pp"
"Galadhrim Guide","G","C","157932","7.20","14552","10.74","23854","49.8%","3862","50.3%","6155","51.5%","10017","51.0%","13672","48.8%","2.2pp"
"Chance-Met Elves","G","C","144145","6.38","13876","9.34","35216","49.5%","6078","50.8%","9011","50.6%","15089","50.7%","19873","48.5%","2.2pp"
"Mordor Muster","B","C","114907","4.14","31331","5.39","173642","57.9%","31304","59.4%","46235","59.0%","77539","59.1%","96195","56.9%","2.2pp"
"Stalwarts of Osgiliath","W","C","155388","6.56","19328","9.58","44409","54.3%","6823","53.1%","11942","56.9%","18765","55.5%","25647","53.3%","2.2pp"
"Haunt of the Dead Marshes","B","C","137873","5.25","26307","7.24","116772","57.3%","20839","58.2%","30425","58.8%","51264","58.5%","65338","56.3%","2.2pp"
"Quarrel's End","R","C","151781","6.22","30590","8.23","121625","58.3%","21097","58.1%","32219","60.6%","53316","59.6%","68324","57.2%","2.4pp"
"Breaking of the Fellowship","R","C","144632","5.74","21866","8.24","71183","55.9%","11473","54.6%","19027","58.9%","30500","57.3%","40659","54.8%","2.4pp"
"Landroval, Horizon Witness","W","U","34536","3.65","6960","4.66","31148","54.0%","4786","52.9%","8045","56.8%","12831","55.4%","18114","52.9%","2.5pp"
"Uruk-hai Berserker","B","C","118085","4.31","29223","5.64","159805","58.1%","28083","58.6%","42409","60.1%","70492","59.5%","89180","57.0%","2.5pp"
"Éomer, Marshal of Rohan","R","R","6055","1.95","2947","2.00","15732","57.6%","2623","57.8%","3958","59.7%","6581","58.9%","9140","56.4%","2.5pp"
"Surrounded by Orcs","U","C","155516","6.89","21382","9.81","43173","49.9%","7057","47.4%","13643","53.2%","20700","51.2%","22610","48.7%","2.5pp"
"Merry, Esquire of Rohan","WR","R","11035","3.52","2500","4.24","9074","55.9%","1650","60.8%","1997","54.5%","3647","57.4%","5379","54.8%","2.6pp"
"Stew the Coneys","G","U","36500","3.74","6306","4.82","29631","52.7%","4876","50.3%","7681","56.6%","12557","54.2%","16996","51.6%","2.6pp"
"Mirkwood Spider","G","C","150658","6.42","15063","9.49","45700","53.0%","8179","54.5%","11007","54.3%","19186","54.4%","26216","51.7%","2.6pp"
"Nimrodel Watcher","U","C","153586","6.89","18501","9.95","36575","49.4%","6529","49.5%","9707","51.8%","16236","50.9%","20105","48.2%","2.7pp"
"Mirrormere Guardian","G","C","157565","6.92","16922","10.01","44387","53.4%","7728","53.9%","10950","55.6%","18678","54.9%","25516","52.2%","2.7pp"
"Borne Upon a Wind","U","R","17723","5.29","2439","7.94","2247","46.6%","367","43.6%","634","50.8%","1001","48.2%","1245","45.5%","2.7pp"
"Protector of Gondor","W","C","138056","5.40","25073","7.28","109682","56.5%","17861","57.2%","27837","58.7%","45698","58.1%","63839","55.4%","2.7pp"
"Book of Mazarbul","R","U","30574","3.19","10229","3.73","55525","58.9%","9830","60.9%","13535","60.1%","23365","60.4%","32127","57.7%","2.7pp"
"March from the Black Gate","B","U","24122","2.58","9478","2.92","52641","57.3%","9517","63.0%","13619","56.0%","23136","58.9%","29390","56.1%","2.8pp"
"Butterbur, Bree Innkeeper","WG","U","43803","4.84","5804","6.82","17128","51.3%","2775","49.8%","4484","54.8%","7259","52.9%","9790","50.1%","2.8pp"
"Shelob's Ambush","B","C","153516","6.22","28768","8.46","106098","59.0%","16814","58.8%","27538","61.7%","44352","60.6%","61704","57.8%","2.8pp"
"Council's Deliberation","U","U","46318","4.92","8171","6.59","25499","51.4%","4503","50.7%","7533","54.0%","12036","52.8%","13251","49.9%","2.8pp"
"Éowyn, Lady of Rohan","W","U","29041","3.05","7283","3.74","37002","55.1%","6451","56.1%","9224","57.2%","15675","56.7%","21193","53.8%","2.9pp"
"Knights of Dol Amroth","U","C","160951","7.35","17341","10.92","21348","48.5%","3346","45.6%","6599","52.2%","9945","50.0%","11331","47.1%","2.9pp"
"Many Partings","G","C","153697","6.68","17436","9.55","50030","52.8%","9052","54.6%","12225","54.4%","21277","54.5%","28671","51.5%","3.0pp"
"Mauhúr, Uruk-hai Captain","BR","U","32350","3.52","9760","4.03","48125","58.8%","8391","63.0%","11962","58.8%","20353","60.5%","27830","57.5%","3.0pp"
"Ioreth of the Healing House","U","U","50854","5.46","7896","7.68","22215","52.1%","3767","51.7%","6631","54.9%","10398","53.7%","11790","50.7%","3.0pp"
"The One Ring","","M","2248","1.47","1196","1.45","5794","54.6%","997","53.7%","1507","58.1%","2504","56.3%","3281","53.3%","3.0pp"
"Dúnedain Rangers","G","U","40745","4.34","6099","5.80","23419","52.6%","3964","52.6%","5932","55.3%","9896","54.2%","13438","51.2%","3.0pp"
"Great Hall of the Citadel","","C","157146","6.60","22911","9.27","63015","53.3%","11047","54.5%","16303","55.4%","27350","55.0%","35582","52.0%","3.0pp"
"Goldberry, River-Daughter","U","R","13832","3.97","2679","5.13","7859","52.5%","1321","53.7%","2396","54.2%","3717","54.0%","4147","51.0%","3.0pp"
"Errand-Rider of Gondor","W","C","110382","4.09","26023","5.29","133090","56.2%","23302","57.1%","34135","58.6%","57437","58.0%","75412","54.9%","3.1pp"
"Bewitching Leechcraft","U","C","155851","6.87","17579","10.20","29944","50.9%","5087","48.3%","8756","54.9%","13843","52.5%","15846","49.4%","3.1pp"
"Reprieve","W","U","40212","4.14","9464","5.21","40976","56.1%","7221","57.8%","10585","57.8%","17806","57.8%","23163","54.7%","3.1pp"
"Grey Havens Navigator","U","C","153191","6.63","18556","9.76","41218","51.5%","7037","50.8%","11816","54.5%","18853","53.1%","22095","50.0%","3.1pp"
"Stern Scolding","U","U","48514","5.25","10405","6.72","39879","54.0%","7011","55.4%","12224","55.8%","19235","55.6%","20559","52.4%","3.2pp"
"Eastfarthing Farmer","W","C","144738","5.91","19243","8.53","61419","54.6%","10429","54.9%","15345","57.6%","25774","56.5%","35511","53.2%","3.3pp"
"Enraged Huorn","G","C","153947","6.60","17612","9.59","51003","53.5%","8022","53.2%","13148","56.7%","21170","55.4%","29622","52.1%","3.3pp"
"Dawn of a New Age","W","M","3004","1.90","1355","1.92","6471","54.1%","1041","55.2%","1657","56.6%","2698","56.1%","3759","52.8%","3.3pp"
"Gwaihir the Windlord","WU","U","49759","5.59","6466","8.15","12181","49.5%","1869","46.4%","3803","53.4%","5672","51.1%","6409","47.7%","3.4pp"
"Smite the Deathless","R","C","76167","2.95","30932","3.44","176814","58.2%","30612","58.9%","47133","60.8%","77745","60.1%","99300","56.7%","3.4pp"
"The Battle of Bywater","W","R","8130","2.59","2526","2.80","10799","54.8%","1926","56.0%","2790","57.2%","4716","56.7%","6087","53.3%","3.4pp"
"Ithilien Kingfisher","U","C","132534","5.12","21661","7.11","84375","52.1%","14622","50.6%","25312","55.9%","39934","53.9%","43945","50.5%","3.4pp"
"Inherited Envelope","","C","160040","6.75","18129","10.10","28429","51.4%","4963","51.3%","7571","54.6%","12534","53.3%","15826","49.9%","3.4pp"
"The Black Breath","B","C","164667","7.38","22379","10.67","26703","55.2%","4271","54.6%","7183","58.7%","11454","57.2%","15200","53.7%","3.4pp"
"Strider, Ranger of the North","RG","U","47114","5.24","6371","7.52","14820","52.5%","2364","54.2%","3587","54.8%","5951","54.6%","8831","51.1%","3.5pp"
"Press the Enemy","U","R","13703","4.16","2274","5.54","6174","51.0%","979","47.9%","1880","55.2%","2859","52.7%","3307","49.2%","3.5pp"
"Fiery Inscription","R","U","38512","4.28","9668","5.04","42345","56.4%","7397","56.0%","12429","59.4%","19826","58.1%","22195","54.7%","3.5pp"
"Wose Pathfinder","G","C","125471","4.91","17258","6.69","76608","53.3%","14134","56.8%","18142","54.0%","32276","55.2%","44106","51.7%","3.5pp"
"Willow-Wind","U","C","157213","6.87","19351","10.03","39310","51.1%","6164","49.9%","11785","54.5%","17949","52.9%","21054","49.3%","3.5pp"
"Shadowfax, Lord of Horses","WR","U","42294","4.60","8486","5.93","29052","56.7%","4674","59.1%","6853","58.6%","11527","58.8%","17259","55.1%","3.6pp"
"Rise of the Witch-king","BG","U","44768","4.90","7611","6.66","21874","53.9%","3510","52.5%","5705","58.4%","9215","56.1%","12649","52.4%","3.7pp"
"Lembas","","C","159639","6.55","20132","9.64","39001","52.8%","7150","51.2%","13821","57.1%","20971","55.1%","20593","51.4%","3.7pp"
"Phial of Galadriel","","R","6951","2.20","2551","2.29","12749","54.4%","2364","56.9%","3360","56.3%","5724","56.5%","6987","52.8%","3.7pp"
"Saruman of Many Colors","WUB","M","3395","2.20","1217","2.20","4035","48.3%","627","44.8%","1228","52.5%","1855","49.9%","2119","46.2%","3.7pp"
"Generous Ent","G","C","138369","5.49","18890","7.78","76686","53.8%","13400","53.4%","19548","57.4%","32948","55.8%","43354","52.0%","3.8pp"
"Ent's Fury","G","C","134672","5.46","18070","7.52","71942","53.3%","11430","51.9%","18662","57.7%","30092","55.5%","41630","51.7%","3.8pp"
"Sauron, the Necromancer","B","R","4492","1.47","3037","1.46","16578","55.8%","2717","55.8%","4509","59.1%","7226","57.8%","9356","54.0%","3.8pp"
"Arwen's Gift","U","C","147553","6.06","23133","8.51","72842","53.4%","11873","51.9%","22942","57.5%","34815","55.6%","38282","51.7%","3.9pp"
"Quickbeam, Upstart Ent","G","U","37081","3.92","6552","5.03","27727","52.7%","4286","51.2%","7000","57.0%","11286","54.8%","16222","50.9%","4.0pp"
"The Balrog, Durin's Bane","BR","R","6554","2.16","3163","2.19","15307","55.9%","2305","57.5%","4012","58.6%","6317","58.2%","8985","54.2%","4.0pp"
"Bag End Porter","G","C","156827","6.88","16092","10.12","33797","53.6%","5499","54.0%","8453","57.0%","13952","55.8%","19726","51.8%","4.0pp"
"The Torment of Gollum","B","C","132790","5.20","34914","6.45","172551","59.4%","28617","61.1%","47506","62.0%","76123","61.7%","96479","57.6%","4.1pp"
"Rosie Cotton of South Lane","W","U","26533","2.81","8045","3.26","41319","55.9%","7159","56.8%","10423","59.1%","17582","58.2%","23437","54.0%","4.1pp"
"Celeborn the Wise","G","U","38790","4.19","4832","5.77","16757","50.7%","2710","52.3%","4455","53.4%","7165","53.0%","9514","48.9%","4.2pp"
"Legolas, Master Archer","G","R","6917","2.28","2065","2.34","9194","51.0%","1599","53.0%","2329","53.4%","3928","53.2%","5245","49.0%","4.2pp"
"Foray of Orcs","R","U","26718","2.82","12316","3.11","69598","58.9%","11871","60.4%","18898","61.9%","30769","61.3%","39177","57.0%","4.2pp"
"King of the Oathbreakers","WB","R","6553","2.19","3139","2.13","14054","54.7%","2303","56.1%","3663","57.5%","5966","57.0%","7933","52.7%","4.3pp"
"Rally at the Hornburg","R","C","119833","4.59","37736","5.49","208967","59.8%","37555","62.3%","53558","62.0%","91113","62.1%","117641","57.9%","4.3pp"
"Gandalf the Grey","UR","R","7072","2.40","3036","2.41","13369","53.2%","2271","51.6%","4618","57.3%","6889","55.5%","6888","51.2%","4.3pp"
"Bill the Pony","W","U","33778","3.49","9143","4.21","42184","55.3%","6916","56.1%","11273","58.6%","18189","57.6%","23745","53.3%","4.3pp"
"Saruman the White","U","U","30947","3.37","8049","3.99","36647","52.9%","5916","53.4%","11366","56.1%","17282","55.2%","19228","50.8%","4.3pp"
"Meneldor, Swift Savior","U","U","33061","3.52","7367","4.36","30986","52.0%","5170","51.2%","9304","56.0%","14474","54.3%","16363","49.9%","4.3pp"
"Samwise the Stouthearted","W","U","25422","2.64","8882","3.07","46176","55.3%","8207","57.2%","11763","58.1%","19970","57.7%","25805","53.3%","4.4pp"
"Gift of Strands","G","U","52247","5.93","5516","8.91","9595","50.5%","1456","50.8%","2458","54.4%","3914","53.0%","5641","48.6%","4.4pp"
"Ringsight","UB","U","59070","6.81","8333","9.84","7845","51.5%","1221","48.1%","2483","56.7%","3704","53.8%","4144","49.4%","4.4pp"
"Elrond, Lord of Rivendell","U","U","30578","3.34","6959","4.06","31956","52.7%","5554","53.5%","9452","55.9%","15006","55.0%","16775","50.5%","4.5pp"
"Ranger's Firebrand","R","U","25962","2.72","11220","3.07","64429","59.0%","11173","60.1%","17225","62.6%","28398","61.6%","36101","57.0%","4.6pp"
"Théoden, King of Rohan","WR","U","36756","4.10","9049","4.79","37680","57.2%","6556","60.8%","8950","59.1%","15506","59.8%","21966","55.2%","4.6pp"
"Isolation at Orthanc","U","C","155769","6.60","29554","8.75","102686","55.6%","16679","53.6%","32715","60.2%","49394","57.9%","53219","53.4%","4.6pp"
"Gollum, Patient Plotter","B","U","24027","2.52","11100","2.82","63718","58.7%","11700","61.5%","16851","61.2%","28551","61.3%","35082","56.7%","4.6pp"
"Pelargir Survivor","U","C","152330","6.45","28994","8.39","117782","56.2%","20931","58.4%","36523","58.7%","57454","58.6%","60231","54.0%","4.6pp"
"Gandalf, Friend of the Shire","U","U","25863","2.78","9380","3.11","46629","54.3%","7843","54.2%","14785","58.1%","22628","56.8%","23852","51.9%","4.8pp"
"Rivendell","","R","11565","3.34","2584","4.18","11220","52.9%","2020","55.7%","3249","55.2%","5269","55.4%","5888","50.5%","4.9pp"
"The Shire","","R","11508","3.39","2160","4.26","8533","52.4%","1477","56.0%","2013","54.9%","3490","55.4%","5026","50.4%","5.0pp"
"Deceive the Messenger","U","C","157881","6.83","28130","9.15","85730","56.0%","14514","56.2%","26454","59.9%","40968","58.6%","44427","53.6%","5.0pp"
"Lórien Revealed","U","C","138373","5.45","28724","7.12","128230","55.5%","22651","55.1%","41694","59.8%","64345","58.2%","65387","53.1%","5.1pp"
"Dunland Crebain","B","C","88258","3.24","34371","3.82","201428","59.1%","35850","61.5%","53390","62.2%","89240","61.9%","111675","56.8%","5.1pp"
"Sméagol, Helpful Guide","BG","R","7235","2.38","2542","2.43","10147","52.2%","1700","53.3%","2664","56.4%","4364","55.2%","5755","50.0%","5.2pp"
"There and Back Again","R","R","5399","1.75","3340","1.73","18098","57.2%","3071","60.0%","4706","60.3%","7777","60.2%","10272","54.9%","5.3pp"
"Grishnákh, Brash Instigator","R","U","27295","2.84","11594","3.14","65008","59.5%","11318","62.0%","16428","62.8%","27746","62.5%","37075","57.2%","5.3pp"
"Hithlain Knots","U","C","148720","6.18","22968","8.65","75391","53.8%","13056","52.1%","23321","59.0%","36377","56.5%","38843","51.2%","5.3pp"
"Gollum's Bite","B","U","24838","2.60","11794","2.89","67201","58.7%","11927","60.4%","17928","62.5%","29855","61.6%","37310","56.3%","5.3pp"
"Gothmog, Morgul Lieutenant","B","U","23110","2.46","9784","2.74","55527","58.0%","9381","59.8%","15009","61.8%","24390","61.0%","31052","55.6%","5.4pp"
"Sauron's Ransom","UB","R","12311","3.78","3415","4.42","11360","55.4%","1911","55.3%","3595","59.8%","5506","58.2%","5914","52.7%","5.5pp"
"Bitter Downfall","B","U","21083","2.28","11097","2.48","63915","58.0%","10519","58.2%","17783","63.0%","28302","61.3%","35799","55.5%","5.7pp"
"Doors of Durin","RG","R","10100","3.47","2231","4.03","6800","52.7%","1158","54.2%","1675","57.3%","2833","56.0%","3959","50.3%","5.8pp"
"Aragorn, Company Leader","WG","R","6985","2.30","2365","2.33","9543","51.7%","1644","54.2%","2452","55.3%","4096","54.9%","5384","49.1%","5.8pp"
"Boromir, Warden of the Tower","W","R","6051","1.91","2787","2.00","14222","56.9%","2521","61.1%","3600","59.2%","6121","60.0%","7982","54.2%","5.8pp"
"Meriadoc Brandybuck","G","U","39530","4.21","6249","5.63","25368","53.0%","4600","57.3%","6159","55.7%","10759","56.4%","14504","50.5%","5.9pp"
"Dreadful as the Storm","U","C","168484","8.13","22422","11.35","24475","54.8%","3760","53.4%","7654","60.2%","11414","58.0%","13012","52.0%","6.0pp"
"War of the Last Alliance","W","R","9066","2.92","2435","3.34","9654","56.2%","1578","59.6%","2431","59.7%","4009","59.7%","5631","53.7%","6.0pp"
"Shelob, Child of Ungoliant","BG","R","5828","1.98","2896","1.92","13316","53.5%","2127","53.6%","3638","58.6%","5765","56.8%","7496","50.7%","6.1pp"
"Denethor, Ruling Steward","WB","U","32135","3.45","9741","3.96","43976","56.6%","7416","57.9%","11829","61.3%","19245","60.0%","24644","53.8%","6.1pp"
"Soothing of Sméagol","U","C","141561","5.65","26437","7.55","110953","55.4%","19033","54.2%","35608","60.7%","54641","58.5%","56376","52.3%","6.2pp"
"Fall of Gil-galad","G","R","7484","2.37","2184","2.57","9882","52.3%","1721","53.8%","2549","57.1%","4270","55.8%","5581","49.6%","6.2pp"
"Voracious Fell Beast","B","U","24344","2.61","11392","2.84","64671","59.4%","10166","59.8%","17503","64.8%","27669","62.9%","36838","56.7%","6.2pp"
"Flowering of the White Tree","W","R","5356","1.76","2896","1.73","14960","56.0%","2543","60.7%","3838","58.9%","6381","59.6%","8572","53.3%","6.3pp"
"Spiteful Banditry","R","M","2509","1.72","1658","1.67","8420","56.5%","1443","57.4%","2247","61.9%","3690","60.1%","4704","53.8%","6.4pp"
"Shadow Summoning","WB","U","41439","4.45","11259","5.21","44992","58.0%","7780","62.2%","11651","61.2%","19431","61.6%","25548","55.2%","6.4pp"
"Claim the Precious","B","C","61760","2.45","30085","2.71","174622","58.7%","29573","60.0%","48552","63.9%","78125","62.4%","96975","55.8%","6.6pp"
"Glorious Gale","U","C","131834","5.14","28264","6.64","130740","55.8%","22755","57.7%","40906","60.1%","63661","59.2%","66915","52.6%","6.6pp"
"Birthday Escape","U","C","124665","4.84","29525","6.11","141863","56.2%","25302","57.5%","46119","60.7%","71421","59.5%","70890","52.8%","6.7pp"
"Frodo, Sauron's Bane","W","R","6777","2.23","2614","2.34","12378","56.0%","2248","64.5%","3209","56.7%","5457","59.9%","6875","52.9%","7.0pp"
"Samwise Gamgee","WG","R","8675","2.81","2227","3.02","9135","53.2%","1617","58.5%","2341","56.3%","3958","57.2%","5056","49.9%","7.2pp"
"Galadriel of Lothlórien","UG","R","8673","2.94","2228","3.06","7631","50.6%","1330","54.2%","2272","54.6%","3602","54.4%","3995","47.2%","7.3pp"
"Old Man Willow","BG","U","34052","3.70","8570","4.44","33801","54.5%","5638","56.0%","9011","60.5%","14649","58.7%","19077","51.1%","7.6pp"
"Arwen Undómiel","UG","U","38434","4.47","6001","5.81","19532","51.4%","3490","56.5%","5569","54.7%","9059","55.4%","10324","47.7%","7.7pp"
"Gandalf's Sanction","UR","U","41483","4.58","12462","5.18","54659","56.5%","8992","53.7%","19350","63.4%","28342","60.3%","27088","52.6%","7.7pp"
"Call of the Ring","B","R","4571","1.53","3430","1.50","19348","57.8%","3438","65.3%","5079","60.0%","8517","62.1%","10772","54.4%","7.7pp"
"Nazgûl","B","U","20086","2.21","11029","2.35","63927","59.6%","11393","63.6%","17734","63.9%","29127","63.8%","34800","56.1%","7.7pp"
"The Bath Song","U","U","39039","4.16","10925","4.92","49063","55.4%","8198","55.9%","15476","61.3%","23674","59.4%","25177","51.7%","7.7pp"
"Delighted Halfling","G","R","7124","2.20","2361","2.31","10412","53.9%","1844","64.0%","2608","54.3%","4452","58.3%","5929","50.6%","7.8pp"
"The Mouth of Sauron","UB","U","34662","3.67","11170","4.28","48709","55.8%","7759","55.3%","14995","62.3%","22754","59.9%","25437","52.1%","7.8pp"
"Éomer of the Riddermark","R","U","26357","2.78","11063","3.06","63406","60.1%","10484","64.1%","16294","64.9%","26778","64.6%","36559","56.7%","7.9pp"
"Fear, Fire, Foes!","R","U","22902","2.47","12614","2.63","74282","59.7%","12868","62.4%","20090","65.3%","32958","64.2%","41566","56.2%","8.0pp"
"Bilbo, Retired Burglar","UR","U","36361","4.10","10819","4.60","46061","56.8%","8004","60.9%","14109","61.0%","22113","61.0%","23803","53.0%","8.0pp"
"Horses of the Bruinen","U","U","45090","4.73","10475","5.89","45022","56.0%","7072","55.7%","14661","62.9%","21733","60.6%","23453","51.8%","8.8pp"
"Flame of Anor","UR","R","9480","3.10","3513","3.26","14375","55.7%","2427","57.3%","5025","61.8%","7452","60.3%","7339","51.4%","8.9pp"
"Elrond, Master of Healing","UG","R","8121","2.83","2216","2.89","7711","50.0%","1268","55.7%","2313","54.4%","3581","54.8%","4055","45.7%","9.2pp"
"Prince Imrahil the Fair","WU","U","42267","4.73","7829","6.08","22784","52.2%","3972","55.8%","7019","57.4%","10991","56.8%","11589","47.5%","9.2pp"
"Radagast the Brown","G","M","2819","1.81","1313","1.77","5764","56.5%","952","63.7%","1602","60.7%","2554","61.8%","3202","52.4%","9.4pp"
"Scroll of Isildur","U","R","9261","2.87","3203","3.16","14703","55.9%","2518","57.8%","4623","62.3%","7141","60.7%","7487","51.3%","9.4pp"
"Éowyn, Fearless Knight","WR","R","6670","2.30","3320","2.24","16040","57.8%","2734","62.7%","3786","64.4%","6520","63.7%","9363","53.5%","10.2pp"
"Frodo Baggins","WG","U","35847","3.94","7185","4.81","27823","54.7%","4821","63.4%","7076","58.6%","11897","60.6%","15643","50.0%","10.5pp"
"Saruman's Trickery","U","U","37302","3.95","11428","4.55","56435","57.4%","9376","60.6%","18389","64.0%","27765","62.9%","28848","52.3%","10.6pp"
"Palantír of Orthanc","","M","2085","1.40","1618","1.37","9829","58.6%","1813","68.6%","2761","61.8%","4574","64.5%","5236","53.4%","11.1pp"
"Pippin, Guard of the Citadel","WU","R","9122","3.07","2735","3.29","8679","53.7%","1488","61.7%","2529","58.6%","4017","59.7%","4553","48.4%","11.4pp"
"Aragorn, the Uniter","WURG","M","3928","2.55","1122","2.65","3476","50.5%","569","58.3%","969","56.0%","1538","56.9%","1902","45.1%","11.8pp"
"Sauron, the Dark Lord","UBR","M","2199","1.51","1556","1.45","8184","55.5%","1377","58.8%","2387","63.5%","3764","61.7%","4307","49.9%","11.8pp"
"Rangers of Ithilien","U","R","5658","1.88","3354","1.83","17544","57.3%","2943","61.0%","5456","65.2%","8399","63.7%","9025","51.3%","12.5pp"
"Horn of Gondor","","R","4086","1.29","3491","1.27","21465","60.6%","3952","68.4%","5559","68.4%","9511","68.4%","11950","54.5%","13.9pp"
"Witch-king of Angmar","B","M","1952","1.19","1701","1.18","10230","60.1%","1776","68.6%","2942","67.0%","4718","67.6%","5481","53.2%","14.4pp"
"Orcish Bowmasters","B","R","4274","1.39","3549","1.38","21217","62.5%","3874","73.0%","5605","70.5%","9479","71.6%","11636","55.1%","16.5pp"
"Andúril, Flame of the West","","M","1745","1.06","1719","1.06","11035","60.9%","1945","71.0%","2946","70.0%","4891","70.4%","6133","53.3%","17.1pp"
"Faramir, Prince of Ithilien","WU","R","5820","2.06","3442","1.91","17431","56.7%","2935","66.1%","5268","65.8%","8203","65.9%","9052","48.0%","17.9pp"
"Arwen, Mortal Queen","WG","M","2700","1.82","1345","1.72","6176","56.9%","1128","65.5%","1587","67.4%","2715","66.6%","3376","48.4%","18.2pp"